{
    "user_panel_01_safety": 18.607681274414062,
    "user_panel_02_expert": 260.3276414871216,
    "user_panel_03_drifter": 333.2036006450653,
    "user_panel_04_noisy": 26746.992263793945,
    "user_panel_05_emerging": 116.98146486282349
}